-- Roles
INSERT INTO "Rol" (id, name) VALUES
(1, 'Comisario Jefe'),
(2, 'Comisario General'),
(3, 'Primer Comisario'),
(4, 'Comisario');

-- Locations (Unique Parishes of Caracas and Miranda)
INSERT INTO "Location" (name) VALUES
('Altagracia'), ('Antímano'), ('Caricuao'), ('Catedral'), ('Coche'),
('El Junquito'), ('El Paraíso'), ('El Recreo'), ('El Valle'), ('La Candelaria'),
('La Pastora'), ('La Vega'), ('Macarao'), ('San Agustín'), ('San Bernardino'),
('San José'), ('San Juan'), ('San Pedro'), ('Santa Rosalía'), ('Santa Teresa'),
('Sucre'), ('23 de Enero'), ('Baruta'), ('El Cafetal'), ('Las Minas de Baruta'),
('Chacao'), ('El Hatillo'), ('Guarenas'), ('Guatire'), ('Petare'),
('Caucagüita'), ('Filas de Mariche'), ('La Dolorita'), ('Leóncio Martínez'),
('Santa Lucía'), ('Paz Castillo'), ('Simón Bolívar (Yare)'),
('Tomás Lander (Ocumare del Tuy)'), ('Cristóbal Rojas (Charallave)'),
('Urdaneta (Cúa)'), ('Guaicaipuro (Los Teques)'), ('Carrizal'),
('Los Salias (San Antonio de los Altos)'), ('Acevedo (Caucagua)'),
('Andrés Bello (San José de Barlovento)'), ('Brión (Higuerote)'),
('Buroz (Mamporal)'), ('Páez (Río Chico)'), ('Pedro Gual (Cúpira)'),
('Plaza (Guarenas)'), ('Zamora (Guatire)'), ('Independencia (Santa Teresa del Tuy)'),
('El Jarillo'), ('San Pedro de los Altos'), ('Cecilio Acosta'), ('Paracotos'),
('Tácata'), ('Altagracia de la Montaña'), ('El Paují'), ('Araguita'),
('Arévalo González'), ('Capaya'), ('Cumbo'), ('Panaquire'), ('Ribas'),
('San José de Río Chico'), ('El Guapo'), ('Tacarigua de la Laguna'), ('Paparo'),
('Curiepe'), ('Santa Bárbara'), ('La Democracia'), ('Las Brisas'),
('Nueva Cúa'), ('Cartanal'), ('Machurucuto');

-- Staff (Funcionarios)
INSERT INTO "Staff" (dni, name, phone, "rolId") VALUES
('10000001', 'Juan Pérez', '04141234567', 1),
('10000002', 'Maria Rodriguez', '04122345678', 2),
('10000003', 'Carlos Gonzalez', '04163456789', 3),
('10000004', 'Ana Martinez', '04244567890', 4),
('10000005', 'Luis Hernandez', '04145678901', 1),
('10000006', 'Sofia Garcia', '04126789012', 2),
('10000007', 'Pedro Lopez', '04167890123', 3),
('10000008', 'Laura Sanchez', '04248901234', 4),
('10000009', 'Diego Ramirez', '04149012345', 1),
('10000010', 'Camila Torres', '04120123456', 2),
('10000011', 'Javier Flores', '04161234567', 3),
('10000012', 'Valentina Diaz', '04242345678', 4),
('10000013', 'Andres Gomez', '04143456789', 1),
('10000014', 'Lucia Morales', '04124567890', 2),
('10000015', 'Mateo Castillo', '04165678901', 3),
('10000016', 'Isabella Jimenez', '04246789012', 4),
('10000017', 'Daniel Cruz', '04147890123', 1),
('10000018', 'Gabriela Ortiz', '04128901234', 2),
('10000019', 'Felipe Castro', '04169012345', 3),
('10000020', 'Valeria Mendoza', '04240123456', 4),
('10000021', 'Emilio Vargas', '04141234567', 1),
('10000022', 'Renata Rojas', '04122345678', 2),
('10000023', 'Nicolas Rios', '04163456789', 3),
('10000024', 'Martina Navarro', '04244567890', 4),
('10000025', 'Samuel Soto', '04145678901', 1),
('10000026', 'Victoria Pena', '04126789012', 2),
('10000027', 'Benjamin Herrera', '04167890123', 3),
('10000028', 'Catalina Cabrera', '04248901234', 4),
('10000029', 'Joaquin Campos', '04149012345', 1),
('10000030', 'Florencia Guzman', '04120123456', 2),
('10000031', 'Lucas Silva', '04161234567', 3),
('10000032', 'Agustina Figueroa', '04242345678', 4),
('10000033', 'Tomas Cordero', '04143456789', 1),
('10000034', 'Julieta Rios', '04124567890', 2),
('10000035', 'Ignacio Mora', '04165678901', 3),
('10000036', 'Paz Vega', '04246789012', 4),
('10000037', 'Maximiliano Bravo', '04147890123', 1),
('10000038', 'Amanda Reyes', '04128901234', 2),
('10000039', 'Bruno Soto', '04169012345', 3),
('10000040', 'Elena Castro', '04240123456', 4),
('10000041', 'Sebastian Paredes', '04141234567', 1),
('10000042', 'Josefa Olivares', '04122345678', 2),
('10000043', 'Vicente Rojas', '04163456789', 3),
('10000044', 'Trinidad Zuniga', '04244567890', 4),
('10000045', 'Matias Valenzuela', '04145678901', 1),
('10000046', 'Antonella Contreras', '04126789012', 2),
('10000047', 'Cristobal Araya', '04167890123', 3),
('10000048', 'Renata Miranda', '04248901234', 4),
('10000049', 'Facundo Sepulveda', '04149012345', 1),
('10000050', 'Emilia Espinoza', '04120123456', 2),
('10000051', 'Alonso Bravo', '04161234567', 3),
('10000052', 'Isidora Lara', '04242345678', 4),
('10000053', 'Gaspar Nunez', '04143456789', 1),
('10000054', 'Rafaela Salinas', '04124567890', 2),
('10000055', 'Domingo Molina', '04165678901', 3),
('10000056', 'Maite Tapia', '04246789012', 4),
('10000057', 'Bautista Medina', '04147890123', 1),
('10000058', 'Juanita Ponce', '04128901234', 2),
('10000059', 'Angel Vega', '04169012345', 3),
('10000060', 'Leonor Carreño', '04240123456', 4),
('10000061', 'Thiago Campos', '04141234567', 1),
('10000062', 'Javiera Herrera', '04122345678', 2),
('10000063', 'Dante Riquelme', '04163456789', 3),
('10000064', 'Amparo Orellana', '04244567890', 4),
('10000065', 'Santino Ibarra', '04145678901', 1),
('10000066', 'Colomba Pizarro', '04126789012', 2),
('10000067', 'Lorenzo Carmona', '04167890123', 3),
('10000068', 'Sara Cardenas', '04248901234', 4),
('10000069', 'Ciro Baeza', '04149012345', 1),
('10000070', 'Aurora Duran', '04120123456', 2),
('10000071', 'Lautaro Gallardo', '04161234567', 3),
('10000072', 'Amalia Lagos', '04242345678', 4),
('10000073', 'Salvador Acuña', '04143456789', 1),
('10000074', 'Isabel Vergara', '04124567890', 2),
('10000075', 'Tiziano Henriquez', '04165678901', 3),
('10000076', 'Luz Valdes', '04246789012', 4),
('10000077', 'Gael San Martin', '04147890123', 1),
('10000078', 'Blanca Escobar', '04128901234', 2),
('10000079', 'Milo Yañez', '04169012345', 3),
('10000080', 'Pascale Quintana', '04240123456', 4),
('10000081', 'Aaron Farias', '04141234567', 1),
('10000082', 'Olivia Aguirre', '04122345678', 2),
('10000083', 'Benicio Cuevas', '04163456789', 3),
('10000084', 'Eloisa Aburto', '04244567890', 4),
('10000085', 'Noah Alvarez', '04145678901', 1),
('10000086', 'Jazmin Alarcon', '04126789012', 2),
('10000087', 'Ian Godoy', '04167890123', 3),
('10000088', 'Ema Jorquera', '04248901234', 4),
('10000089', 'Geronimo Navarrete', '04149012345', 1),
('10000090', 'Alexia Fuentes', '04120123456', 2),
('10000091', 'Bastian Arias', '04161234567', 3),
('10000092', 'Lia Maldonado', '04242345678', 4),
('10000093', 'Alejandro Tapia', '04143456789', 1),
('10000094', 'Mia Navarro', '04124567890', 2),
('10000095', 'David Orellana', '04165678901', 3),
('10000096', 'Sofia Peralta', '04246789012', 4),
('10000097', 'Matias Godoy', '04147890123', 1),
('10000098', 'Isabella Donoso', '04128901234', 2),
('10000099', 'Martin Paredes', '04169012345', 3),
('10000100', 'Valentina Escobar', '04240123456', 4),
('10000101', 'Juan Jose Moya', '04141234567', 1),
('10000102', 'Emilia Saez', '04122345678', 2),
('10000103', 'Benjamin Parraguez', '04163456789', 3),
('10000104', 'Catalina Cornejo', '04244567890', 4),
('10000105', 'Agustin Pardo', '04145678901', 1),
('10000106', 'Florencia Pineda', '04126789012', 2),
('10000107', 'Matias Pino', '04167890123', 3),
('10000108', 'Isidora Poblete', '04248901234', 4),
('10000109', 'Joaquin Prado', '04149012345', 1),
('10000110', 'Josefa Pulgar', '04120123456', 2),
('10000111', 'Lucas Quezada', '04161234567', 3),
('10000112', 'Antonella Quiroga', '04242345678', 4),
('10000113', 'Tomas Ramirez', '04143456789', 1),
('10000114', 'Rafaela Ramos', '04124567890', 2),
('10000115', 'Ignacio Rebolledo', '04165678901', 3),
('10000116', 'Maite Recabarren', '04246789012', 4),
('10000117', 'Maximiliano Reyes', '04147890123', 1),
('10000118', 'Amanda Riquelme', '04128901234', 2),
('10000119', 'Bruno Rivas', '04169012345', 3),
('10000120', 'Elena Rivera', '04240123456', 4),
('10000121', 'Sebastian Riveros', '04141234567', 1),
('10000122', 'Julieta Robles', '04122345678', 2),
('10000123', 'Vicente Rocha', '04163456789', 3),
('10000124', 'Trinidad Rodriguez', '04244567890', 4),
('10000125', 'Matias Rojas', '04145678901', 1),
('10000126', 'Antonella Rojo', '04126789012', 2),
('10000127', 'Cristobal Roman', '04167890123', 3),
('10000128', 'Renata Romero', '04248901234', 4),
('10000129', 'Facundo Rosales', '04149012345', 1),
('10000130', 'Emilia Rozas', '04120123456', 2),
('10000131', 'Alonso Rubio', '04161234567', 3),
('10000132', 'Isidora Ruiz', '04242345678', 4),
('10000133', 'Gaspar Saavedra', '04143456789', 1),
('10000134', 'Rafaela Saez', '04124567890', 2),
('10000135', 'Domingo Salas', '04165678901', 3),
('10000136', 'Maite Salazar', '04246789012', 4),
('10000137', 'Bautista Salinas', '04147890123', 1),
('10000138', 'Juanita San Martin', '04128901234', 2),
('10000139', 'Angel Sanchez', '04169012345', 3),
('10000140', 'Leonor Sandoval', '04240123456', 4),
('10000141', 'Thiago Santana', '04141234567', 1),
('10000142', 'Javiera Schmidt', '04122345678', 2),
('10000143', 'Dante Segovia', '04163456789', 3),
('10000144', 'Amparo Sepulveda', '04244567890', 4),
('10000145', 'Santino Serrano', '04145678901', 1),
('10000146', 'Colomba Silva', '04126789012', 2),
('10000147', 'Lorenzo Soto', '04167890123', 3),
('10000148', 'Sara Suarez', '04248901234', 4),
('10000149', 'Ciro Tapia', '04149012345', 1),
('10000150', 'Aurora Tello', '04120123456', 2),
('10000151', 'Lautaro Toledo', '04161234567', 3),
('10000152', 'Amalia Toro', '04242345678', 4),
('10000153', 'Salvador Torres', '04143456789', 1),
('10000154', 'Isabel Troncoso', '04124567890', 2),
('10000155', 'Tiziano Trujillo', '04165678901', 3),
('10000156', 'Luz Ulloa', '04246789012', 4),
('10000157', 'Gael Uribe', '04147890123', 1),
('10000158', 'Blanca Urra', '04128901234', 2),
('10000159', 'Milo Urrutia', '04169012345', 3),
('10000160', 'Pascale Valdes', '04240123456', 4),
('10000161', 'Aaron Valdivia', '04141234567', 1),
('10000162', 'Olivia Valencia', '04122345678', 2),
('10000163', 'Benicio Valenzuela', '04163456789', 3),
('10000164', 'Eloisa Vallejos', '04244567890', 4),
('10000165', 'Noah Vargas', '04145678901', 1),
('10000166', 'Jazmin Vasquez', '04126789012', 2),
('10000167', 'Ian Vega', '04167890123', 3),
('10000168', 'Ema Velasquez', '04248901234', 4),
('10000169', 'Geronimo Vera', '04149012345', 1),
('10000170', 'Alexia Vergara', '04120123456', 2),
('10000171', 'Bastian Vidal', '04161234567', 3),
('10000172', 'Lia Villablanca', '04242345678', 4),
('10000173', 'Alejandro Villagra', '04143456789', 1),
('10000174', 'Mia Villalobos', '04124567890', 2),
('10000175', 'David Villanueva', '04165678901', 3),
('10000176', 'Sofia Villarroel', '04246789012', 4),
('10000177', 'Matias Villegas', '04147890123', 1),
('10000178', 'Isabella Yañez', '04128901234', 2),
('10000179', 'Martin Zamora', '04169012345', 3),
('10000180', 'Valentina Zapata', '04240123456', 4),
('10000181', 'Juan Jose Zavala', '04141234567', 1),
('10000182', 'Emilia Zuniga', '04122345678', 2),
('10000183', 'Benjamin Zúñiga', '04163456789', 3),
('10000184', 'Catalina Abarca', '04244567890', 4),
('10000185', 'Agustin Abarzua', '04145678901', 1),
('10000186', 'Florencia Acevedo', '04126789012', 2),
('10000187', 'Matias Acuña', '04167890123', 3),
('10000188', 'Isidora Agüero', '04248901234', 4),
('10000189', 'Joaquin Aguilar', '04149012345', 1),
('10000190', 'Josefa Aguilera', '04120123456', 2),
('10000191', 'Lucas Ahumada', '04161234567', 3),
('10000192', 'Antonella Alarcon', '04242345678', 4),
('10000193', 'Tomas Albornoz', '04143456789', 1),
('10000194', 'Rafaela Alcaide', '04124567890', 2),
('10000195', 'Ignacio Alcaino', '04165678901', 3),
('10000196', 'Maite Aldana', '04246789012', 4),
('10000197', 'Maximiliano Alegria', '04147890123', 1),
('10000198', 'Amanda Aleman', '04128901234', 2),
('10000199', 'Bruno Alfaro', '04169012345', 3),
('10000200', 'Elena Almendras', '04240123456', 4),
('10000201', 'Sebastian Almuna', '04141234567', 1),
('10000202', 'Julieta Alonso', '04122345678', 2),
('10000203', 'Vicente Altamirano', '04163456789', 3),
('10000204', 'Trinidad Alvarado', '04244567890', 4),
('10000205', 'Matias Alvarez', '04145678901', 1),
('10000206', 'Antonella Amador', '04126789012', 2),
('10000207', 'Cristobal Araya', '04167890123', 3),
('10000208', 'Renata Arenas', '04248901234', 4),
('10000209', 'Facundo Arias', '04149012345', 1),
('10000210', 'Emilia Arriagada', '04120123456', 2),
('10000211', 'Alonso Arriaza', '04161234567', 3),
('10000212', 'Isidora Arroyo', '04242345678', 4),
('10000213', 'Gaspar Astudillo', '04143456789', 1),
('10000214', 'Rafaela Avila', '04124567890', 2),
('10000215', 'Domingo Aviles', '04165678901', 3),
('10000216', 'Maite Ayala', '04246789012', 4),
('10000217', 'Bautista Azocar', '04147890123', 1),
('10000218', 'Juanita Baeza', '04128901234', 2),
('10000219', 'Angel Bahamondes', '04169012345', 3),
('10000220', 'Leonor Balboa', '04240123456', 4),
('10000221', 'Thiago Barahona', '04141234567', 1),
('10000222', 'Javiera Barrientos', '04122345678', 2),
('10000223', 'Dante Barrera', '04163456789', 3),
('10000224', 'Amparo Barros', '04244567890', 4),
('10000225', 'Santino Bascuñan', '04145678901', 1),
('10000226', 'Colomba Bastias', '04126789012', 2),
('10000227', 'Lorenzo Becerra', '04167890123', 3),
('10000228', 'Sara Beltran', '04248901234', 4),
('10000229', 'Ciro Benavides', '04149012345', 1),
('10000230', 'Aurora Benitez', '04120123456', 2),
('10000231', 'Lautaro Bermejo', '04161234567', 3),
('10000232', 'Amalia Berrios', '04242345678', 4),
('10000233', 'Salvador Blanco', '04143456789', 1),
('10000234', 'Isabel Bozo', '04124567890', 2),
('10000235', 'Tiziano Bravo', '04165678901', 3),
('10000236', 'Luz Briceño', '04246789012', 4),
('10000237', 'Gael Briones', '04147890123', 1),
('10000238', 'Blanca Burgos', '04128901234', 2),
('10000239', 'Milo Bustamante', '04169012345', 3),
('10000240', 'Pascale Bustos', '04240123456', 4),
('10000241', 'Aaron Caballero', '04141234567', 1),
('10000242', 'Olivia Cabrera', '04122345678', 2),
('10000243', 'Benicio Caceres', '04163456789', 3),
('10000244', 'Eloisa Calderon', '04244567890', 4),
('10000245', 'Noah Calvo', '04145678901', 1),
('10000246', 'Jazmin Campusano', '04126789012', 2),
('10000247', 'Ian Canales', '04167890123', 3),
('10000248', 'Ema Canelo', '04248901234', 4),
('10000249', 'Geronimo Cañete', '04149012345', 1),
('10000250', 'Alexia Carcamo', '04120123456', 2),
('10000251', 'Bastian Cardenas', '04161234567', 3),
('10000252', 'Lia Carmona', '04242345678', 4),
('10000253', 'Alejandro Carrasco', '04143456789', 1),
('10000254', 'Mia Carreño', '04124567890', 2),
('10000255', 'David Carvajal', '04165678901', 3),
('10000256', 'Sofia Casas', '04246789012', 4),
('10000257', 'Matias Castañeda', '04147890123', 1),
('10000258', 'Isabella Castellanos', '04128901234', 2),
('10000259', 'Martin Castillo', '04169012345', 3),
('10000260', 'Valentina Castro', '04240123456', 4),
('10000261', 'Juan Jose Catalan', '04141234567', 1),
('10000262', 'Emilia Cea', '04122345678', 2),
('10000263', 'Benjamin Cepeda', '04163456789', 3),
('10000264', 'Catalina Cerda', '04244567890', 4),
('10000265', 'Agustin Chacon', '04145678901', 1),
('10000266', 'Florencia Chamorro', '04126789012', 2),
('10000267', 'Matias Chavez', '04167890123', 3),
('10000268', 'Isidora Cisternas', '04248901234', 4),
('10000269', 'Joaquin Cofré', '04149012345', 1),
('10000270', 'Josefa Collao', '04120123456', 2),
('10000271', 'Lucas Concha', '04161234567', 3),
('10000272', 'Antonella Contreras', '04242345678', 4),
('10000273', 'Tomas Cordova', '04143456789', 1),
('10000274', 'Rafaela Cornejo', '04124567890', 2),
('10000275', 'Ignacio Coronado', '04165678901', 3),
('10000276', 'Maite Correa', '04246789012', 4),
('10000277', 'Maximiliano Cortes', '04147890123', 1),
('10000278', 'Amanda Corvalan', '04128901234', 2),
('10000279', 'Bruno Covarrubias', '04169012345', 3),
('10000280', 'Elena Crespo', '04240123456', 4),
('10000281', 'Sebastian Cruz', '04141234567', 1),
('10000282', 'Julieta Cubillos', '04122345678', 2),
('10000283', 'Vicente Cuevas', '04163456789', 3),
('10000284', 'Trinidad Davila', '04244567890', 4),
('10000285', 'Matias Diaz', '04145678901', 1),
('10000286', 'Antonella Dominguez', '04126789012', 2),
('10000287', 'Cristobal Donoso', '04167890123', 3),
('10000288', 'Renata Duarte', '04248901234', 4),
('10000289', 'Facundo Duran', '04149012345', 1),
('10000290', 'Emilia Echeverria', '04120123456', 2),
('10000291', 'Alonso Elgueta', '04161234567', 3),
('10000292', 'Isidora Escalona', '04242345678', 4),
('10000293', 'Gaspar Escobar', '04143456789', 1),
('10000294', 'Rafaela Escudero', '04124567890', 2),
('10000295', 'Domingo Espina', '04165678901', 3),
('10000296', 'Maite Espinoza', '04246789012', 4),
('10000297', 'Bautista Estay', '04147890123', 1),
('10000298', 'Juanita Estevez', '04128901234', 2),
('10000299', 'Angel Estrada', '04169012345', 3),
('10000300', 'Leonor Farias', '04240123456', 4);
